{"cameraMode":{"drawMode":0,"name":"Shaded","section":"Shading Mode"},"sceneLighting":false,"audioPlay":false,"sceneViewState":{"m_AlwaysRefresh":false,"showFog":false,"showSkybox":false,"showFlares":false,"showImageEffects":false,"showParticleSystems":false,"showVisualEffectGraphs":true,"m_FxEnabled":true},"in2DMode":false,"pivot":{"x":0.049707382917404178,"y":0.9315769672393799,"z":0.08344516158103943},"rotation":{"x":0.3520238697528839,"y":0.3010430932044983,"z":-0.12070237100124359,"w":0.8780117034912109},"size":1.5318751335144044,"orthographic":false}